id,CreationDate,ClosedDate,DeletionDate,Score,OwnerUserId,AnswerCount
1,2018-09-17,2018-05-01,2018-05-31,94,414,924
2,2018-05-10,2018-04-17,2018-05-21,48,660,158
3,2018-10-20,2018-04-24,2018-07-25,35,899,908
4,2018-02-26,2018-01-24,2018-03-18,69,914,339
5,2018-03-19,2018-05-31,2018-01-06,40,138,371
6,2018-11-03,2018-06-10,2018-05-14,52,821,314
7,2018-02-26,2018-05-17,2017-12-14,5,593,733
8,2018-04-08,2018-08-28,2017-12-21,89,655,36
9,2017-12-08,2018-01-31,2018-07-20,99,481,808
10,2018-11-10,2018-01-26,2018-05-26,29,9,539
11,2018-05-17,2018-08-25,2018-02-19,68,131,302
12,2018-07-15,2018-07-23,2017-12-12,90,660,880
13,2018-10-04,2018-11-07,2018-10-30,79,910,948
14,2018-04-09,2017-12-08,2018-01-22,7,266,799
15,2018-09-01,2018-07-11,2018-02-18,2,308,361
16,2018-02-09,2018-02-24,2018-08-02,7,642,517
17,2018-09-02,2018-04-27,2018-04-13,94,568,276
18,2018-06-19,2017-12-09,2017-12-20,94,975,692
19,2018-11-13,2018-11-10,2018-01-25,88,128,532
20,2018-01-31,2018-06-27,2018-04-25,91,130,220
21,2018-03-05,2018-06-24,2018-10-31,96,775,285
22,2017-12-13,2018-01-25,2017-12-20,2,733,962
23,2018-04-14,2018-10-05,2017-12-04,1,226,574
24,2018-07-18,2018-01-24,2018-04-17,46,777,998
25,2018-08-27,2018-04-22,2018-10-04,39,978,959
26,2017-12-10,2018-05-16,2018-04-14,62,131,178
27,2018-11-07,2018-01-11,2018-09-13,68,539,967
28,2018-07-07,2018-07-31,2018-07-05,84,923,919
29,2018-11-01,2018-04-07,2018-02-28,36,55,497
30,2018-05-27,2018-01-23,2018-02-11,32,626,814
31,2018-07-09,2018-08-27,2018-11-09,78,167,554
32,2018-08-01,2018-03-06,2018-10-21,69,154,666
33,2017-12-06,2018-04-14,2018-06-17,82,569,955
34,2018-10-24,2017-11-26,2018-09-04,58,634,114
35,2018-01-07,2018-04-04,2018-05-23,78,609,268
36,2018-06-17,2018-10-18,2017-12-07,98,676,949
37,2018-06-09,2017-12-08,2018-08-20,69,580,144
38,2018-02-16,2018-02-28,2018-09-22,61,111,519
39,2018-06-17,2018-05-12,2018-02-18,49,321,669
40,2017-11-14,2017-12-18,2018-02-18,10,391,681
41,2018-10-06,2018-07-02,2018-09-02,86,607,6
42,2018-08-09,2018-09-18,2018-03-24,83,615,207
43,2018-02-07,2018-04-26,2018-09-03,51,423,685
44,2018-04-12,2018-03-10,2017-11-24,19,60,642
45,2018-11-13,2018-06-08,2018-09-29,39,314,895
46,2018-10-11,2018-08-05,2018-03-15,86,77,867
47,2018-09-11,2018-10-07,2018-07-12,77,285,522
48,2018-09-26,2017-12-25,2018-09-24,96,715,978
49,2018-04-09,2018-09-13,2017-11-24,97,176,826
50,2018-04-13,2018-08-31,2018-01-14,93,282,361
51,2017-12-27,2018-03-01,2018-06-01,69,337,898
52,2018-11-11,2018-01-10,2018-08-31,44,496,453
53,2018-01-15,2017-11-30,2018-04-10,11,652,886
54,2018-05-04,2017-11-16,2018-07-13,26,32,45
55,2018-05-26,2018-01-22,2018-05-24,64,491,119
56,2018-07-31,2018-08-17,2018-06-13,83,654,204
57,2018-06-05,2018-07-21,2018-04-28,9,170,136
58,2018-03-07,2018-05-16,2017-12-22,56,307,91
59,2018-02-14,2017-12-08,2018-02-28,38,672,958
60,2018-02-04,2018-09-06,2018-07-26,27,520,121
61,2018-09-24,2018-05-29,2018-05-12,68,461,287
62,2018-01-06,2018-07-12,2018-03-14,8,308,656
63,2018-09-18,2017-12-25,2017-12-10,77,833,905
64,2018-03-27,2018-06-30,2017-12-23,6,514,31
65,2018-11-02,2018-01-24,2017-12-05,24,654,996
66,2018-06-03,2018-03-26,2018-05-07,22,902,862
67,2018-04-11,2018-03-26,2018-01-20,22,497,289
68,2018-09-22,2018-08-17,2018-05-11,52,252,738
69,2018-08-27,2018-10-12,2018-06-02,55,92,91
70,2018-10-22,2018-07-22,2018-06-24,96,774,45
71,2018-04-12,2018-04-09,2018-02-03,18,858,154
72,2018-10-15,2018-07-13,2018-06-21,33,670,609
73,2018-07-03,2018-09-10,2017-11-19,94,924,499
74,2017-12-06,2018-02-28,2018-10-22,21,871,755
75,2018-08-14,2018-07-19,2018-05-25,34,667,19
76,2018-05-19,2018-11-02,2018-10-02,17,188,38
77,2018-05-22,2018-10-31,2018-05-12,22,136,588
78,2018-06-10,2018-10-01,2018-02-26,66,805,649
79,2018-09-23,2018-11-03,2017-12-16,83,846,261
80,2017-12-01,2018-06-21,2018-06-20,20,210,564
81,2018-03-22,2018-03-06,2018-04-08,22,980,747
82,2018-09-01,2018-07-03,2018-03-07,74,752,327
83,2018-07-07,2018-03-04,2018-01-04,48,356,232
84,2018-08-03,2018-06-11,2018-08-16,88,448,579
85,2017-12-05,2018-04-15,2018-03-08,56,454,37
86,2017-12-10,2018-09-03,2018-02-03,56,462,80
87,2018-02-14,2018-11-13,2017-12-23,25,939,303
88,2018-09-09,2018-11-05,2018-03-04,74,237,286
89,2017-12-09,2017-12-13,2018-03-10,43,998,579
90,2018-09-09,2018-07-07,2017-11-15,45,707,432
91,2018-06-28,2018-07-09,2018-11-06,93,205,25
92,2018-09-06,2018-10-08,2018-01-25,37,16,24
93,2018-02-22,2018-09-01,2018-06-04,65,788,476
94,2017-11-26,2017-12-15,2018-05-25,92,499,943
95,2018-10-01,2018-08-10,2018-09-09,56,63,665
96,2018-07-13,2017-12-15,2017-12-27,47,874,471
97,2017-12-07,2018-04-08,2018-05-27,40,166,763
98,2018-04-23,2018-03-06,2018-07-16,18,159,537
99,2018-03-15,2018-07-17,2017-12-04,90,473,819
100,2018-02-28,2018-10-27,2018-04-10,37,801,540
101,2018-02-07,2018-08-20,2018-04-17,13,129,230
102,2018-10-21,2018-01-30,2018-05-15,39,264,243
103,2018-01-04,2018-07-24,2018-01-13,31,440,649
104,2018-08-09,2018-04-13,2018-03-29,52,289,253
105,2017-12-14,2018-02-10,2018-06-12,44,857,742
106,2017-12-27,2018-08-30,2018-07-02,43,444,175
107,2018-07-21,2017-12-04,2017-12-08,1,107,639
108,2017-11-16,2018-07-16,2017-11-22,64,241,656
109,2018-07-29,2018-02-11,2018-05-09,42,677,289
110,2018-06-07,2018-01-03,2018-07-13,100,519,472
111,2018-11-07,2018-03-14,2018-04-16,71,401,316
112,2018-10-02,2018-06-22,2018-05-14,2,607,550
113,2018-08-31,2018-05-27,2018-08-18,92,171,879
114,2018-01-09,2018-01-08,2018-08-12,77,419,662
115,2018-06-20,2018-03-06,2018-01-25,55,282,410
116,2018-09-30,2018-06-09,2018-02-17,69,566,226
117,2018-08-22,2018-01-19,2018-03-29,56,788,231
118,2018-02-27,2018-10-07,2018-01-30,14,343,655
119,2018-11-03,2018-08-15,2018-10-16,56,886,335
120,2018-05-05,2018-02-16,2018-01-22,74,316,30
121,2018-02-16,2018-01-05,2018-02-24,68,888,762
122,2018-11-02,2018-06-12,2018-04-02,76,441,920
123,2018-01-04,2018-08-22,2018-08-29,22,790,609
124,2018-03-02,2018-10-30,2018-06-15,96,633,810
125,2018-05-07,2018-03-26,2018-04-03,30,820,896
126,2017-12-12,2018-09-11,2018-04-06,82,506,960
127,2018-06-01,2018-06-04,2018-03-18,35,813,887
128,2018-05-01,2018-10-22,2018-07-18,19,840,112
129,2017-12-31,2018-07-11,2018-10-05,15,734,664
130,2018-08-08,2018-08-28,2018-09-03,40,129,780
131,2018-06-09,2018-10-14,2018-10-11,8,837,132
132,2018-06-12,2018-01-03,2018-02-22,47,338,488
133,2018-10-29,2018-01-06,2018-09-16,65,385,257
134,2018-03-19,2018-08-25,2018-10-13,83,60,34
135,2017-12-25,2018-06-20,2018-08-13,77,948,782
136,2018-10-08,2018-08-24,2018-03-29,46,547,177
137,2018-11-09,2017-12-30,2018-02-15,88,790,595
138,2018-08-11,2018-04-04,2018-09-24,70,624,745
139,2018-10-23,2018-01-02,2018-05-02,31,381,520
140,2018-04-13,2018-04-17,2018-09-07,43,477,660
141,2017-12-03,2018-06-12,2017-12-15,34,486,100
142,2018-06-10,2018-06-17,2018-08-02,27,552,672
143,2018-11-11,2018-03-29,2017-12-17,12,337,404
144,2017-11-30,2018-06-18,2018-09-29,31,204,860
145,2018-07-31,2018-05-12,2018-07-20,97,233,895
146,2018-03-24,2018-11-01,2018-02-20,13,610,294
147,2017-12-10,2018-04-13,2018-10-23,45,55,663
148,2018-09-09,2018-03-11,2018-06-20,48,396,907
149,2018-07-17,2018-09-25,2018-05-16,71,674,319
150,2018-07-12,2018-08-25,2018-08-12,70,70,104
151,2018-06-10,2018-02-03,2018-05-16,71,25,402
152,2018-08-17,2018-01-10,2018-06-28,26,359,952
153,2018-09-06,2018-02-05,2018-07-21,30,522,661
154,2018-04-17,2018-06-16,2017-12-15,12,512,240
155,2018-06-11,2018-08-22,2018-06-30,25,487,760
156,2018-06-29,2018-10-05,2018-06-10,97,588,106
157,2018-01-13,2018-06-27,2017-12-07,96,146,458
158,2017-11-18,2018-08-22,2018-11-09,73,744,317
159,2018-06-26,2018-07-09,2018-04-02,73,556,955
160,2018-07-03,2018-03-19,2018-07-15,93,461,832
161,2018-08-04,2018-03-28,2018-02-26,12,5,504
162,2018-01-19,2018-04-24,2018-06-30,22,714,895
163,2017-12-02,2017-11-16,2018-09-04,71,826,465
164,2018-02-19,2018-04-14,2018-08-14,53,670,61
165,2018-02-14,2018-06-28,2018-02-21,25,319,26
166,2018-08-20,2018-02-12,2018-05-21,82,944,782
167,2018-07-28,2018-08-19,2018-01-23,82,230,163
168,2018-10-04,2018-07-18,2018-09-04,57,543,614
169,2018-07-04,2017-11-22,2017-11-18,53,292,489
170,2018-06-16,2018-08-05,2018-06-12,22,582,76
171,2018-02-23,2018-02-22,2018-04-13,16,108,893
172,2018-08-02,2018-09-23,2018-04-18,61,170,280
173,2017-12-09,2018-09-07,2018-07-20,51,7,109
174,2018-03-22,2017-12-22,2017-12-02,59,807,729
175,2018-08-07,2018-06-23,2018-11-03,38,270,66
176,2018-05-04,2018-01-24,2017-11-29,36,915,235
177,2018-10-28,2018-08-10,2018-09-16,20,880,224
178,2018-08-13,2018-03-09,2018-01-16,56,670,29
179,2017-12-07,2018-04-16,2018-03-11,15,179,424
180,2018-06-08,2018-03-26,2018-06-10,68,873,972
181,2018-01-08,2018-05-10,2017-12-12,77,734,253
182,2018-09-27,2018-06-16,2018-09-01,65,959,419
183,2018-04-26,2018-06-29,2018-09-18,54,84,777
184,2018-01-20,2018-04-27,2018-09-04,97,826,559
185,2017-12-10,2017-12-03,2017-11-16,4,117,487
186,2018-02-20,2018-02-01,2018-04-28,59,672,113
187,2018-02-26,2018-04-26,2018-01-26,99,611,301
188,2018-05-18,2018-04-07,2018-02-13,82,356,981
189,2018-10-31,2018-09-22,2018-06-14,72,339,356
190,2018-08-30,2018-05-14,2018-07-22,43,890,55
191,2018-07-19,2018-01-25,2018-04-22,58,937,125
192,2018-09-10,2018-01-11,2018-09-25,9,52,149
193,2018-09-28,2018-03-04,2018-03-01,36,184,946
194,2017-11-23,2018-03-25,2018-11-06,95,583,28
195,2018-06-28,2018-05-14,2018-10-08,91,992,261
196,2018-01-24,2018-07-18,2018-07-10,55,669,567
197,2018-11-05,2018-01-28,2018-10-07,2,985,256
198,2018-10-30,2018-07-28,2018-01-22,66,949,836
199,2017-12-25,2018-09-27,2018-09-15,29,496,832
200,2018-01-17,2018-08-03,2018-05-08,87,558,121
201,2018-08-17,2018-06-08,2018-01-01,48,896,168
202,2018-02-18,2018-04-09,2018-07-01,88,474,795
203,2018-05-12,2017-11-23,2018-05-05,24,687,913
204,2018-02-23,2018-03-25,2017-12-15,51,379,900
205,2017-11-20,2018-05-04,2017-11-15,22,341,519
206,2018-11-12,2018-09-04,2018-05-16,41,817,890
207,2018-03-29,2018-05-28,2018-04-16,32,734,670
208,2018-10-08,2018-11-08,2018-02-02,51,680,699
209,2018-03-18,2018-03-09,2018-01-26,6,35,26
210,2018-04-29,2018-09-26,2018-02-22,62,213,11
211,2017-11-24,2018-02-22,2018-09-10,24,171,600
212,2018-10-26,2018-05-22,2018-01-10,85,40,442
213,2018-05-17,2018-01-05,2018-05-12,84,934,452
214,2018-06-23,2018-10-12,2018-02-19,71,614,980
215,2017-11-25,2018-04-22,2018-06-15,75,865,478
216,2018-08-25,2018-11-12,2018-08-26,70,747,1
217,2018-10-12,2018-03-29,2018-04-19,92,398,393
218,2018-07-17,2018-05-04,2018-09-21,73,233,244
219,2018-01-03,2018-01-27,2018-06-01,14,106,473
220,2018-10-26,2017-12-01,2018-08-14,58,482,817
221,2018-08-31,2017-11-18,2018-04-26,44,418,144
222,2017-12-12,2018-02-12,2018-05-23,31,223,235
223,2017-12-28,2018-04-21,2018-02-01,76,715,411
224,2018-05-08,2018-08-07,2018-05-15,96,34,291
225,2018-01-21,2018-05-15,2018-10-09,92,958,285
226,2018-10-26,2018-05-26,2018-04-09,23,247,730
227,2018-05-18,2018-03-26,2018-07-07,46,594,455
228,2018-07-28,2018-02-15,2018-09-12,98,857,770
229,2017-12-22,2018-09-16,2018-10-15,69,383,838
230,2018-06-11,2018-02-22,2018-02-25,22,822,486
231,2018-03-20,2018-08-16,2018-06-06,72,503,860
232,2018-01-30,2018-05-11,2018-03-07,66,390,931
233,2018-04-25,2017-12-04,2018-05-19,61,159,680
234,2017-12-24,2018-09-24,2018-02-01,47,631,553
235,2017-12-09,2018-02-25,2018-08-19,5,471,840
236,2018-03-17,2018-05-04,2018-06-24,36,35,569
237,2018-07-14,2018-04-18,2018-04-22,91,13,380
238,2018-07-25,2018-07-23,2018-11-05,94,362,137
239,2018-03-07,2017-12-12,2018-04-26,37,567,536
240,2018-01-29,2018-11-13,2017-12-21,31,174,1000
241,2017-12-24,2018-01-14,2017-12-06,57,474,646
242,2018-04-05,2018-02-03,2018-10-11,65,70,147
243,2018-08-17,2018-08-22,2018-10-17,44,868,427
244,2017-12-05,2018-07-22,2017-11-17,26,757,413
245,2018-03-29,2018-09-18,2018-08-14,62,729,89
246,2018-01-02,2018-11-04,2018-08-05,41,324,629
247,2018-01-19,2017-11-14,2018-06-04,91,425,166
248,2018-07-26,2018-02-25,2018-07-10,91,692,857
249,2018-06-21,2018-10-02,2018-03-04,84,619,216
250,2018-04-08,2018-06-11,2018-02-07,50,634,758
251,2018-05-08,2017-11-17,2018-07-27,24,131,737
252,2018-11-10,2018-07-15,2018-03-24,48,894,750
253,2018-08-17,2018-10-29,2018-02-17,25,857,270
254,2018-09-21,2017-12-15,2018-02-02,46,890,429
255,2018-04-27,2018-05-09,2018-03-07,36,87,758
256,2018-09-03,2018-01-07,2018-05-12,33,161,867
257,2018-10-07,2018-02-12,2017-12-08,68,195,720
258,2017-12-12,2018-01-27,2018-09-19,47,148,80
259,2018-02-14,2018-08-02,2018-10-12,36,944,186
260,2018-01-22,2018-05-19,2018-01-10,2,232,451
261,2018-04-28,2017-12-17,2018-08-26,20,856,233
262,2018-09-12,2018-07-04,2018-04-28,82,106,495
263,2018-05-04,2018-07-11,2018-07-17,53,767,977
264,2018-11-09,2018-02-25,2018-07-23,11,923,875
265,2018-09-26,2018-07-28,2018-01-28,10,118,756
266,2018-02-16,2018-08-19,2018-01-15,54,979,27
267,2018-03-12,2017-12-22,2018-04-30,89,515,44
268,2018-01-09,2018-02-02,2018-01-22,100,353,712
269,2018-10-23,2018-03-16,2018-07-14,12,370,964
270,2018-09-08,2017-12-22,2018-05-24,25,201,706
271,2018-10-22,2017-12-09,2018-10-25,34,859,547
272,2018-07-19,2018-09-08,2018-06-12,87,555,887
273,2018-02-14,2018-03-27,2018-01-29,8,255,439
274,2018-07-01,2017-12-23,2018-09-25,32,805,868
275,2018-05-29,2018-06-05,2018-05-27,72,828,981
276,2018-01-01,2018-03-20,2018-09-13,76,758,415
277,2017-11-28,2018-02-28,2018-05-22,33,168,984
278,2018-07-30,2018-01-23,2017-12-01,92,626,379
279,2018-09-23,2018-10-29,2017-12-03,96,816,633
280,2018-01-14,2018-01-12,2018-02-06,21,340,244
281,2018-03-07,2018-10-30,2018-01-21,77,274,769
282,2018-09-27,2018-02-24,2018-10-12,6,765,346
283,2018-02-17,2018-06-25,2018-08-29,96,265,242
284,2018-11-11,2018-02-23,2018-03-03,54,769,106
285,2018-03-20,2018-03-06,2018-02-22,62,246,836
286,2017-12-22,2018-03-01,2018-06-11,43,331,51
287,2018-09-30,2018-07-22,2018-10-18,63,968,329
288,2018-10-25,2017-11-20,2018-02-04,64,300,994
289,2018-05-29,2018-05-17,2018-08-15,55,946,708
290,2017-12-20,2018-01-17,2018-06-30,4,482,973
291,2017-12-17,2017-12-08,2018-05-07,11,54,932
292,2018-05-25,2018-06-24,2018-08-18,43,75,426
293,2017-12-31,2018-05-15,2018-01-30,96,459,524
294,2018-09-12,2018-01-23,2018-02-02,67,869,877
295,2018-06-24,2018-10-19,2018-01-08,57,506,691
296,2018-01-28,2018-05-15,2018-06-10,40,723,767
297,2018-10-06,2018-05-23,2018-10-22,22,259,850
298,2017-12-28,2018-06-27,2018-11-04,24,859,136
299,2018-05-19,2018-08-16,2018-01-11,43,886,576
300,2018-04-16,2018-07-15,2018-03-20,32,455,144
301,2018-10-18,2018-01-17,2018-05-01,83,192,132
302,2018-02-14,2018-03-28,2018-09-04,90,176,777
303,2018-10-18,2018-10-14,2018-05-17,65,895,685
304,2018-03-28,2018-06-02,2018-07-08,55,746,320
305,2018-05-02,2017-12-25,2018-03-13,4,385,585
306,2018-09-14,2017-12-05,2018-04-04,22,581,797
307,2018-08-20,2018-05-03,2018-01-06,69,506,584
308,2018-05-15,2018-09-26,2018-01-14,61,502,564
309,2018-11-04,2017-12-14,2018-01-04,36,234,463
310,2018-06-12,2018-10-21,2018-03-22,18,983,61
311,2017-11-23,2018-03-13,2018-05-11,24,870,581
312,2018-10-20,2018-09-30,2018-06-17,20,139,821
313,2018-02-07,2018-06-02,2018-05-08,39,596,372
314,2018-03-30,2018-02-19,2018-05-20,69,55,11
315,2017-12-26,2018-08-21,2018-09-28,70,778,316
316,2018-03-19,2017-12-17,2018-09-19,98,350,180
317,2018-01-31,2018-09-18,2018-08-01,3,565,14
318,2018-07-30,2018-05-18,2017-12-26,92,540,197
319,2018-06-26,2018-05-13,2018-10-26,94,649,801
320,2018-09-18,2018-05-08,2018-08-06,40,8,738
321,2018-06-10,2018-03-11,2018-10-19,79,57,600
322,2018-04-06,2018-01-22,2018-01-27,66,213,540
323,2018-10-31,2018-03-09,2018-01-03,1,621,742
324,2018-08-10,2018-03-15,2018-10-14,63,197,609
325,2018-03-17,2018-05-23,2018-06-26,9,466,319
326,2018-06-21,2018-04-03,2018-07-28,63,309,533
327,2018-09-20,2018-01-05,2018-09-19,86,100,570
328,2018-01-01,2018-07-10,2018-06-15,53,113,959
329,2018-06-28,2018-07-24,2018-10-15,59,982,6
330,2018-11-09,2018-03-10,2018-01-25,5,920,150
331,2018-01-15,2017-12-06,2018-10-07,90,784,309
332,2018-01-30,2018-05-23,2018-05-23,81,225,618
333,2018-04-13,2018-05-06,2017-12-03,87,839,769
334,2018-09-21,2018-07-07,2018-03-07,5,546,418
335,2018-01-17,2018-04-03,2018-10-01,28,644,341
336,2018-08-26,2018-01-01,2018-09-19,87,663,209
337,2018-07-13,2018-04-30,2018-11-03,15,19,204
338,2018-07-28,2018-03-01,2018-10-11,71,852,313
339,2018-05-08,2018-01-17,2017-11-21,36,331,247
340,2018-08-08,2018-09-30,2018-07-26,20,48,964
341,2018-04-01,2017-12-14,2018-09-13,5,510,522
342,2018-02-13,2018-08-22,2017-12-04,84,894,409
343,2018-10-18,2018-09-05,2017-12-19,2,836,975
344,2018-01-16,2018-10-31,2018-03-28,20,372,131
345,2018-03-19,2018-03-19,2018-01-10,5,999,737
346,2018-04-06,2018-07-29,2018-02-26,68,68,200
347,2018-04-27,2018-05-23,2018-05-27,58,433,28
348,2018-04-18,2018-04-28,2018-05-06,26,994,461
349,2018-03-21,2018-06-08,2018-05-14,2,342,382
350,2018-08-02,2018-06-03,2018-06-13,21,434,233
351,2018-08-21,2018-08-13,2018-04-29,98,508,474
352,2018-09-09,2018-09-28,2018-06-04,59,410,488
353,2018-11-10,2018-10-11,2018-06-05,68,599,1000
354,2018-04-07,2018-01-12,2018-02-25,49,881,267
355,2018-08-05,2018-03-28,2018-08-24,44,81,546
356,2018-02-09,2018-05-04,2018-09-17,56,806,914
357,2018-09-29,2018-08-17,2018-05-16,52,362,304
358,2018-07-07,2017-12-17,2018-08-14,21,567,15
359,2017-11-17,2017-12-10,2018-08-23,9,332,960
360,2017-12-12,2018-04-09,2018-07-05,54,280,160
361,2018-05-18,2018-01-07,2018-01-20,97,309,24
362,2018-01-18,2018-03-06,2018-07-05,31,729,887
363,2017-12-23,2018-01-26,2018-01-31,32,45,248
364,2018-08-06,2018-10-14,2018-03-18,8,409,182
365,2018-04-23,2018-01-26,2018-07-20,22,508,740
366,2018-04-26,2018-04-05,2018-05-18,36,952,43
367,2018-06-09,2018-09-25,2018-05-16,20,80,860
368,2018-04-30,2018-06-22,2018-01-21,58,644,774
369,2018-05-01,2017-12-27,2018-05-25,3,543,317
370,2018-08-24,2018-01-28,2018-05-12,42,651,602
371,2018-08-12,2018-04-14,2018-09-15,79,102,740
372,2017-12-18,2018-05-04,2018-03-10,53,77,181
373,2018-10-21,2018-08-13,2018-04-11,26,522,660
374,2018-06-27,2018-09-24,2018-04-21,83,292,144
375,2018-09-20,2018-03-16,2018-06-13,33,910,156
376,2018-08-12,2017-12-09,2018-04-26,44,382,559
377,2017-12-31,2018-09-06,2018-09-09,70,130,245
378,2017-11-24,2017-12-25,2018-05-17,4,976,59
379,2018-09-17,2018-08-29,2017-12-18,80,195,537
380,2018-07-12,2018-07-20,2018-06-07,98,709,83
381,2018-03-12,2017-11-26,2017-11-17,31,271,958
382,2018-09-11,2018-01-06,2018-10-18,93,665,183
383,2018-09-18,2018-01-16,2017-11-15,50,754,518
384,2017-11-17,2018-10-05,2018-05-06,75,45,282
385,2018-04-18,2018-08-23,2018-06-28,84,471,342
386,2018-03-15,2018-02-28,2018-06-14,62,366,721
387,2018-01-07,2017-12-22,2018-06-02,77,810,497
388,2018-10-19,2017-12-08,2018-09-26,45,876,664
389,2017-11-30,2017-12-17,2018-07-24,43,527,427
390,2018-07-08,2017-12-06,2018-10-16,31,88,229
391,2018-04-17,2018-07-22,2018-01-01,23,761,294
392,2018-07-09,2018-08-01,2017-12-01,26,570,511
393,2018-06-12,2018-08-20,2017-12-04,5,92,906
394,2018-03-14,2018-07-07,2018-04-05,55,353,499
395,2018-07-10,2018-02-13,2018-06-23,70,290,173
396,2018-04-25,2018-01-01,2018-09-24,50,979,914
397,2018-05-05,2018-05-13,2018-01-08,9,696,791
398,2018-05-21,2018-10-26,2018-04-03,13,221,88
399,2018-02-12,2018-07-12,2018-02-10,62,969,756
400,2018-11-05,2018-04-13,2018-10-24,35,602,80
401,2018-04-02,2018-05-23,2018-05-19,13,792,460
402,2018-09-10,2018-09-24,2018-11-02,51,677,90
403,2018-02-18,2018-03-02,2018-01-31,87,888,917
404,2018-09-02,2018-10-16,2018-10-23,36,339,182
405,2018-04-20,2018-01-24,2018-03-19,96,731,427
406,2018-11-04,2017-12-01,2018-07-25,10,307,105
407,2018-02-04,2018-02-19,2017-12-26,98,674,345
408,2018-02-18,2018-01-28,2018-09-06,25,937,570
409,2018-02-01,2018-04-19,2018-02-26,3,489,842
410,2018-09-16,2017-11-21,2018-07-05,23,456,391
411,2018-10-15,2018-06-12,2018-09-16,84,919,976
412,2018-02-27,2018-10-02,2018-11-12,21,251,894
413,2018-01-29,2018-09-13,2018-03-25,18,79,451
414,2018-06-01,2018-04-23,2018-02-25,80,113,155
415,2018-06-16,2018-09-28,2018-03-26,94,550,937
416,2018-09-29,2018-01-11,2018-09-07,75,959,172
417,2017-11-25,2018-04-07,2018-02-03,21,141,475
418,2018-10-04,2018-04-27,2018-06-03,70,148,649
419,2018-10-26,2018-10-14,2018-01-26,98,388,58
420,2018-03-09,2018-10-31,2018-09-11,39,95,697
421,2018-01-14,2018-09-11,2018-09-14,68,622,766
422,2018-10-16,2018-01-03,2018-08-01,46,580,711
423,2018-01-13,2018-09-16,2018-06-27,98,355,449
424,2018-08-15,2017-11-19,2018-02-24,62,605,40
425,2018-07-29,2017-12-07,2018-08-29,13,413,472
426,2018-03-17,2018-11-08,2017-12-17,72,782,580
427,2018-09-21,2018-04-03,2018-08-03,93,642,800
428,2018-10-03,2018-11-03,2018-04-17,29,940,275
429,2018-10-21,2018-05-01,2018-06-29,95,975,62
430,2018-02-07,2018-05-28,2018-08-10,14,429,252
431,2017-12-28,2018-07-10,2018-05-29,14,899,987
432,2018-03-22,2018-02-23,2018-10-22,9,640,675
433,2018-09-06,2018-10-25,2018-01-17,65,303,172
434,2018-06-15,2017-12-13,2017-12-24,42,125,235
435,2018-11-06,2018-04-19,2018-09-14,93,826,564
436,2018-03-27,2018-01-12,2018-08-17,8,639,691
437,2018-02-23,2018-01-26,2018-02-15,66,791,528
438,2018-02-23,2018-07-05,2018-08-06,35,571,238
439,2018-08-16,2018-03-04,2018-04-24,24,538,661
440,2018-02-13,2018-03-11,2017-12-15,68,959,710
441,2017-12-02,2018-09-05,2017-12-29,15,55,440
442,2018-08-09,2018-01-22,2018-02-12,13,101,458
443,2018-01-29,2017-11-28,2018-03-04,79,532,761
444,2017-12-20,2018-02-04,2018-08-06,62,211,341
445,2017-11-24,2017-11-22,2018-08-04,24,260,5
446,2018-01-30,2018-01-12,2018-06-23,35,593,800
447,2017-12-09,2018-04-06,2018-04-21,26,748,339
448,2018-07-15,2018-02-12,2018-05-06,19,449,352
449,2017-11-24,2018-09-11,2018-05-14,76,528,396
450,2017-12-15,2018-03-09,2018-04-12,16,839,941
451,2018-07-01,2018-05-01,2018-02-05,49,714,986
452,2018-03-05,2018-06-25,2017-11-18,5,837,352
453,2018-01-15,2018-01-27,2018-06-01,28,331,36
454,2018-04-11,2017-11-17,2018-02-21,92,104,288
455,2018-03-11,2018-02-09,2018-10-08,13,91,527
456,2018-06-27,2017-12-11,2018-10-03,50,275,867
457,2018-07-31,2018-03-18,2018-06-19,5,145,894
458,2018-08-21,2018-02-22,2018-01-19,13,138,704
459,2018-10-14,2018-07-01,2018-11-02,43,376,311
460,2018-06-01,2018-06-30,2018-03-21,10,953,252
461,2018-01-08,2018-02-16,2017-12-11,47,362,502
462,2018-09-12,2018-04-09,2017-11-15,30,301,812
463,2018-07-01,2018-04-08,2018-09-30,80,670,145
464,2018-06-23,2018-08-25,2018-04-10,99,648,23
465,2018-04-21,2018-10-11,2018-07-11,85,422,720
466,2017-12-26,2018-11-05,2018-07-29,82,27,886
467,2018-07-25,2018-05-04,2018-01-14,4,688,183
468,2018-07-30,2018-01-30,2018-06-28,17,469,185
469,2018-01-11,2018-07-04,2018-04-17,85,937,308
470,2018-06-06,2018-08-07,2018-08-01,67,304,647
471,2018-10-01,2018-08-20,2018-06-28,87,336,816
472,2017-11-28,2018-10-09,2018-05-08,94,944,88
473,2017-11-16,2018-07-03,2018-01-23,90,444,929
474,2018-01-11,2018-09-14,2018-01-25,34,795,613
475,2018-05-02,2017-11-28,2018-10-15,21,624,299
476,2018-07-18,2018-09-12,2018-02-28,51,816,148
477,2018-02-15,2018-11-06,2017-11-14,76,26,299
478,2017-12-15,2018-08-01,2018-05-18,62,637,926
479,2018-02-16,2018-05-12,2018-03-11,84,445,409
480,2018-04-06,2018-05-02,2018-03-08,26,598,261
481,2018-08-26,2018-08-28,2018-09-30,88,398,391
482,2018-04-05,2018-07-18,2018-03-21,92,876,354
483,2018-04-21,2017-12-26,2018-03-20,42,479,523
484,2018-09-27,2018-08-20,2018-06-24,34,943,166
485,2017-11-27,2018-09-07,2018-08-16,75,758,499
486,2017-12-03,2018-04-21,2018-03-28,38,692,8
487,2018-09-10,2018-03-24,2018-10-12,24,446,830
488,2018-09-05,2018-07-18,2018-08-31,14,318,287
489,2018-08-10,2018-02-11,2018-11-02,39,666,952
490,2018-02-19,2018-01-19,2018-02-02,48,985,587
491,2018-02-05,2018-02-17,2018-06-14,32,160,325
492,2018-06-11,2018-05-04,2018-01-28,75,722,763
493,2018-04-08,2018-06-23,2018-01-19,44,409,343
494,2018-09-03,2018-07-15,2018-09-18,67,686,295
495,2018-08-01,2018-02-01,2018-10-16,86,245,602
496,2018-08-12,2018-01-18,2018-01-23,17,240,974
497,2018-09-27,2018-11-02,2018-06-11,50,520,700
498,2018-06-02,2018-10-15,2018-06-08,77,293,230
499,2018-08-18,2018-05-04,2018-02-14,84,252,447
500,2018-03-05,2018-10-06,2018-01-12,79,544,87
501,2017-12-11,2018-01-25,2018-04-08,73,720,69
502,2017-12-01,2018-03-20,2017-11-26,41,661,8
503,2018-04-11,2018-10-25,2018-08-09,63,597,963
504,2018-11-03,2018-06-28,2018-05-11,11,706,621
505,2017-11-30,2018-06-05,2018-01-28,60,326,770
506,2018-07-13,2017-12-11,2018-05-22,68,132,639
507,2018-03-18,2018-08-28,2018-02-18,100,58,58
508,2018-04-03,2018-09-16,2018-08-23,92,960,43
509,2017-12-30,2018-09-01,2017-11-18,97,122,814
510,2017-11-23,2018-06-22,2018-11-07,83,603,439
511,2017-12-15,2017-12-28,2018-05-08,59,877,286
512,2018-06-26,2018-04-26,2018-07-19,54,346,806
513,2018-09-02,2018-10-12,2018-02-19,77,244,319
514,2017-12-28,2018-06-30,2018-04-11,31,448,323
515,2018-09-13,2017-12-10,2018-01-15,12,214,83
516,2017-12-17,2018-10-23,2018-10-10,96,284,595
517,2017-11-16,2018-10-29,2018-06-24,26,254,7
518,2017-12-09,2018-01-23,2018-05-17,50,484,98
519,2017-12-03,2018-05-11,2018-06-08,78,949,759
520,2018-03-09,2018-02-01,2018-01-21,8,687,819
521,2018-01-04,2018-07-10,2018-01-30,90,740,436
522,2017-12-17,2018-05-04,2018-03-02,64,387,694
523,2018-07-14,2017-12-25,2018-06-14,16,670,885
524,2018-04-06,2017-12-24,2018-09-12,65,668,60
525,2017-12-17,2018-09-26,2018-08-18,62,310,559
526,2018-01-28,2018-06-10,2018-03-07,10,7,346
527,2018-03-29,2018-01-10,2018-02-03,98,541,81
528,2018-05-04,2018-07-21,2018-09-22,18,63,368
529,2018-04-07,2018-09-20,2018-08-03,63,853,443
530,2018-09-30,2018-04-15,2018-07-30,75,175,538
531,2018-01-11,2017-11-29,2018-04-28,20,979,738
532,2018-01-26,2018-03-03,2017-11-26,56,817,291
533,2018-07-30,2018-03-10,2018-06-10,3,778,256
534,2018-01-14,2017-12-17,2018-01-20,7,415,653
535,2018-09-25,2017-12-27,2018-09-23,88,39,955
536,2018-07-21,2018-09-05,2017-12-21,67,612,908
537,2018-05-18,2017-12-11,2018-01-04,81,444,628
538,2017-12-19,2018-04-22,2017-12-31,53,332,450
539,2017-12-11,2018-04-18,2018-03-30,92,816,86
540,2018-11-11,2017-11-23,2018-08-02,77,962,916
541,2018-09-27,2018-10-28,2018-03-15,70,226,988
542,2018-08-09,2018-05-04,2018-02-22,15,619,141
543,2018-01-09,2018-08-22,2018-04-23,15,925,339
544,2018-05-26,2018-02-17,2018-03-21,30,46,666
545,2018-06-19,2018-06-05,2018-04-30,89,734,631
546,2018-08-18,2018-10-17,2018-07-11,17,230,396
547,2018-02-10,2018-09-21,2018-04-11,84,618,423
548,2018-07-21,2017-11-27,2018-01-06,94,529,844
549,2018-09-17,2018-07-26,2018-02-12,29,549,316
550,2018-01-16,2018-03-05,2018-11-04,82,995,889
551,2018-02-08,2018-06-16,2018-09-12,98,831,365
552,2018-09-10,2018-02-02,2018-02-16,24,353,634
553,2018-06-10,2018-11-01,2018-11-01,33,25,898
554,2018-09-14,2018-03-19,2018-01-14,73,632,356
555,2018-09-08,2018-01-18,2018-10-18,93,609,832
556,2018-10-17,2018-10-17,2018-05-25,26,355,878
557,2018-11-07,2017-12-16,2018-03-26,62,476,328
558,2018-04-09,2018-07-05,2018-02-25,90,564,323
559,2018-09-01,2018-07-25,2018-10-31,59,673,984
560,2018-06-26,2018-05-18,2018-10-03,54,371,139
561,2018-01-09,2018-01-04,2018-02-10,90,667,848
562,2018-08-26,2018-07-09,2018-10-10,29,727,517
563,2018-10-28,2018-06-02,2017-11-28,12,610,559
564,2018-02-03,2018-08-26,2018-03-12,93,285,311
565,2018-07-06,2018-07-25,2017-12-10,81,882,174
566,2018-01-03,2018-07-13,2018-07-21,19,408,185
567,2017-12-13,2018-05-26,2018-03-12,33,416,254
568,2017-12-18,2018-06-10,2018-10-24,43,318,561
569,2018-03-17,2018-06-28,2018-07-27,98,304,383
570,2018-01-24,2018-02-05,2018-02-18,76,484,393
571,2018-11-01,2018-04-23,2018-03-09,70,166,909
572,2018-08-01,2018-10-31,2018-11-02,44,67,67
573,2018-05-08,2018-10-20,2018-02-22,27,686,447
574,2018-01-16,2018-05-22,2018-09-11,75,599,71
575,2018-08-20,2018-04-22,2018-11-06,2,34,995
576,2018-11-11,2018-01-22,2018-08-23,60,162,569
577,2018-07-12,2018-01-25,2018-04-15,64,327,323
578,2018-07-17,2018-02-07,2018-09-12,90,597,591
579,2017-12-03,2017-12-02,2018-08-23,65,548,530
580,2018-04-12,2018-06-29,2018-01-17,34,206,907
581,2018-07-30,2018-06-17,2018-01-19,99,676,59
582,2018-01-13,2017-12-26,2018-01-05,28,400,682
583,2018-05-03,2018-05-16,2018-05-01,31,939,692
584,2018-10-20,2017-11-20,2018-01-11,62,451,858
585,2018-11-04,2018-02-17,2018-07-20,62,498,674
586,2018-08-30,2018-04-09,2018-10-31,73,228,751
587,2018-02-10,2018-10-27,2018-10-02,86,921,979
588,2018-05-04,2018-04-11,2018-09-26,80,396,234
589,2018-08-22,2018-10-21,2018-08-22,22,631,471
590,2018-06-08,2018-05-19,2018-05-07,43,277,862
591,2018-10-06,2018-08-10,2018-10-13,55,344,563
592,2018-07-02,2018-04-18,2018-06-23,45,315,633
593,2018-06-11,2018-07-21,2018-10-29,78,909,220
594,2018-09-15,2017-12-05,2018-06-29,66,175,328
595,2018-01-12,2018-07-13,2018-04-29,49,577,568
596,2018-01-26,2018-07-24,2018-02-24,63,895,371
597,2017-12-25,2018-01-11,2018-08-24,48,757,178
598,2018-05-28,2018-03-13,2017-11-29,19,416,719
599,2018-04-10,2017-12-05,2017-12-06,29,716,460
600,2018-06-24,2018-09-02,2018-11-13,54,10,786
601,2018-07-30,2018-11-04,2017-12-24,33,24,834
602,2018-04-26,2018-02-01,2018-11-03,10,973,809
603,2018-05-30,2018-06-19,2018-03-15,10,651,816
604,2018-08-28,2018-08-22,2018-10-28,70,291,707
605,2018-01-04,2018-04-15,2018-08-18,62,935,861
606,2018-05-06,2018-02-28,2017-11-22,46,978,409
607,2018-03-19,2017-11-21,2018-09-02,87,744,286
608,2018-09-05,2018-05-12,2018-04-04,63,806,718
609,2018-03-19,2018-02-12,2018-05-19,81,385,959
610,2018-10-11,2017-12-23,2018-01-13,60,623,664
611,2018-10-03,2018-11-11,2018-04-08,7,333,274
612,2018-07-09,2018-04-05,2018-03-07,88,240,24
613,2018-03-21,2018-10-25,2018-03-08,11,166,545
614,2018-03-23,2018-11-11,2018-04-20,47,931,853
615,2018-07-06,2018-01-10,2018-07-25,14,540,334
616,2018-08-15,2018-01-11,2018-09-09,27,724,957
617,2018-09-01,2018-03-06,2018-04-17,56,172,846
618,2018-06-30,2018-08-11,2018-01-18,61,436,419
619,2018-08-09,2018-04-26,2017-12-25,69,587,115
620,2018-01-14,2018-07-28,2018-07-19,30,568,212
621,2018-01-01,2018-10-22,2018-09-05,50,535,181
622,2018-07-02,2018-02-26,2018-04-05,76,254,23
623,2018-02-22,2018-01-14,2018-08-12,49,786,756
624,2017-11-15,2017-12-20,2018-10-27,35,1000,976
625,2018-02-07,2018-08-30,2018-04-25,15,687,804
626,2018-05-18,2018-07-16,2018-09-28,50,973,101
627,2018-03-06,2017-12-05,2018-07-05,52,211,104
628,2018-10-13,2018-07-22,2018-04-17,38,599,351
629,2018-03-04,2018-05-14,2018-01-27,50,178,240
630,2018-05-14,2018-10-10,2018-01-21,43,374,105
631,2018-06-20,2018-07-29,2018-06-12,39,443,196
632,2017-12-05,2018-02-05,2018-08-29,58,16,683
633,2017-12-09,2017-12-29,2017-12-19,44,514,859
634,2018-01-27,2018-10-08,2018-01-26,23,854,628
635,2018-04-18,2018-09-25,2018-08-11,53,313,983
636,2018-06-23,2018-10-18,2018-06-02,11,240,714
637,2018-08-21,2018-02-05,2018-11-12,27,602,869
638,2017-11-19,2017-11-20,2018-03-19,14,649,267
639,2018-10-11,2017-12-23,2018-04-07,41,109,12
640,2018-04-20,2018-05-30,2018-07-26,98,692,926
641,2018-05-11,2018-09-08,2018-08-21,45,767,453
642,2018-06-27,2018-02-15,2018-10-09,40,339,869
643,2018-08-24,2017-12-24,2017-11-15,16,664,951
644,2017-12-10,2018-05-14,2018-06-21,87,330,263
645,2018-02-16,2018-04-27,2018-06-30,70,199,600
646,2018-10-29,2017-12-24,2017-12-25,35,574,765
647,2017-12-10,2018-08-17,2018-10-27,4,272,300
648,2018-07-26,2018-09-15,2018-03-02,87,423,256
649,2018-02-16,2018-01-08,2018-08-18,35,651,490
650,2018-06-08,2018-04-07,2017-12-29,43,804,117
651,2018-01-31,2018-02-06,2018-01-06,79,168,550
652,2018-08-02,2018-01-16,2018-06-20,31,26,919
653,2018-10-09,2018-07-20,2018-04-02,100,966,439
654,2017-11-17,2018-10-24,2018-07-10,77,235,594
655,2018-01-28,2018-07-16,2018-06-27,16,253,847
656,2018-10-05,2018-08-26,2018-06-06,81,464,429
657,2018-11-10,2018-01-28,2018-05-25,39,108,371
658,2018-07-04,2018-05-06,2018-07-30,94,757,34
659,2018-03-11,2018-04-22,2018-08-15,62,14,603
660,2018-07-05,2018-08-06,2018-05-28,57,116,989
661,2017-12-01,2017-12-30,2018-05-17,9,15,621
662,2017-12-16,2017-12-25,2018-02-28,1,392,269
663,2018-06-08,2018-06-28,2017-12-04,3,594,303
664,2018-08-17,2018-03-04,2017-11-28,63,154,672
665,2018-06-04,2017-12-11,2018-01-13,36,602,305
666,2017-11-26,2018-07-12,2018-03-26,26,456,738
667,2018-05-13,2018-03-29,2018-01-31,11,866,474
668,2018-08-04,2018-07-08,2018-02-01,35,400,317
669,2018-05-12,2018-02-21,2018-01-29,4,811,570
670,2018-07-13,2018-09-15,2018-01-01,69,837,77
671,2018-04-19,2018-11-02,2018-01-27,28,13,365
672,2018-07-27,2017-11-17,2018-06-15,95,791,216
673,2018-01-21,2018-04-24,2018-09-11,97,535,622
674,2018-09-27,2018-06-03,2018-09-14,67,532,38
675,2018-04-11,2018-06-21,2017-12-04,64,646,77
676,2018-09-13,2018-03-05,2018-08-12,62,770,330
677,2018-05-21,2018-01-05,2018-08-05,8,732,929
678,2018-11-08,2018-07-26,2018-04-01,60,22,329
679,2018-10-31,2018-07-14,2018-08-18,45,472,604
680,2018-01-03,2018-01-18,2018-04-15,54,751,197
681,2018-06-21,2018-09-08,2018-05-28,32,533,236
682,2018-04-02,2018-04-12,2018-02-19,72,559,18
683,2018-03-24,2018-03-02,2018-11-06,73,690,755
684,2018-10-06,2018-01-12,2018-04-04,85,271,247
685,2018-10-26,2018-09-09,2018-05-07,95,939,717
686,2018-05-22,2017-11-20,2017-12-07,36,707,248
687,2018-05-24,2018-03-30,2018-09-24,83,533,843
688,2018-10-24,2018-06-16,2017-12-26,78,60,362
689,2018-08-24,2018-11-03,2017-12-04,73,345,686
690,2018-08-09,2018-04-04,2018-05-22,79,412,958
691,2018-08-21,2018-07-07,2018-10-30,84,855,585
692,2017-12-29,2018-04-01,2018-11-04,55,347,292
693,2018-01-28,2018-08-31,2017-12-22,15,79,856
694,2018-04-10,2017-11-20,2018-07-18,3,620,662
695,2018-10-17,2018-04-01,2018-09-16,96,386,718
696,2017-11-23,2017-11-22,2018-09-10,28,110,54
697,2018-06-19,2018-01-31,2018-10-26,22,595,847
698,2018-05-13,2018-07-02,2018-10-17,9,407,223
699,2018-10-21,2018-06-06,2018-08-26,50,207,469
700,2018-07-08,2018-05-11,2018-02-08,48,878,173
701,2018-07-24,2017-12-26,2018-01-13,80,706,563
702,2018-05-04,2017-12-11,2018-07-05,86,359,128
703,2018-05-05,2017-12-12,2018-06-10,13,638,24
704,2018-01-03,2018-04-17,2018-07-14,87,679,940
705,2018-07-28,2018-03-07,2017-11-20,59,110,462
706,2018-04-21,2018-02-19,2018-02-19,59,453,253
707,2018-02-13,2018-09-20,2018-04-25,45,453,36
708,2018-08-13,2018-03-31,2018-06-27,62,935,143
709,2018-07-30,2018-08-14,2018-04-07,17,544,113
710,2018-03-05,2018-11-03,2018-06-03,3,256,596
711,2018-01-20,2018-02-13,2018-03-20,45,317,571
712,2018-10-23,2018-08-20,2018-08-22,46,300,847
713,2017-12-22,2018-01-25,2018-07-24,27,648,623
714,2018-11-13,2018-01-27,2017-12-31,41,6,818
715,2018-10-10,2018-03-23,2018-02-23,84,824,484
716,2018-08-21,2018-10-06,2018-09-28,23,267,366
717,2018-02-19,2017-12-25,2018-08-06,85,641,481
718,2018-03-04,2018-08-06,2018-07-29,5,655,404
719,2018-09-27,2018-01-16,2018-05-25,22,11,742
720,2018-07-13,2017-11-14,2018-10-07,92,882,8
721,2018-03-08,2018-09-28,2018-07-31,36,366,307
722,2018-04-14,2017-11-29,2018-10-16,98,32,298
723,2018-02-11,2018-07-08,2018-06-19,27,217,573
724,2018-11-03,2018-05-10,2018-04-20,31,274,885
725,2018-06-06,2018-09-04,2017-12-21,32,517,741
726,2018-05-25,2018-09-03,2018-04-05,52,278,30
727,2018-06-06,2018-09-14,2018-10-12,45,180,274
728,2018-09-17,2018-08-17,2018-05-23,96,783,449
729,2018-04-20,2018-09-19,2018-06-07,55,552,384
730,2018-10-29,2017-12-20,2018-06-26,53,834,107
731,2018-01-24,2018-06-01,2018-05-31,56,193,286
732,2018-02-18,2017-12-21,2018-10-01,86,563,482
733,2018-10-28,2017-12-31,2018-03-13,92,188,376
734,2018-03-02,2018-06-14,2018-08-26,35,623,157
735,2018-08-27,2017-12-23,2018-07-08,1,253,346
736,2018-06-10,2018-01-26,2017-12-27,12,63,491
737,2018-09-12,2018-06-05,2017-12-06,50,61,932
738,2018-01-13,2017-11-23,2018-06-03,92,25,134
739,2018-02-16,2018-05-14,2018-03-13,41,655,738
740,2018-01-24,2018-11-09,2018-11-09,35,944,464
741,2018-04-15,2018-05-14,2017-11-23,74,408,735
742,2018-07-15,2018-02-17,2018-02-04,87,151,255
743,2018-10-07,2018-05-31,2018-06-24,42,992,528
744,2018-02-12,2018-03-24,2018-04-19,98,316,485
745,2017-12-22,2018-01-12,2018-08-24,16,620,236
746,2018-01-26,2018-08-08,2018-09-12,17,441,642
747,2018-05-24,2018-09-24,2018-02-14,54,972,708
748,2017-12-22,2018-04-09,2018-04-14,16,487,172
749,2017-12-22,2018-11-05,2018-02-20,27,248,621
750,2018-03-06,2018-05-04,2018-08-31,13,931,137
751,2018-10-24,2018-05-25,2018-02-01,36,151,755
752,2018-06-29,2018-07-18,2017-11-18,40,764,531
753,2018-01-08,2018-08-24,2018-01-18,52,76,309
754,2018-09-16,2018-11-02,2018-04-26,8,26,494
755,2018-07-12,2018-07-11,2018-05-12,91,149,352
756,2018-07-10,2018-06-06,2018-05-05,25,467,406
757,2018-06-11,2018-10-10,2018-09-25,8,72,222
758,2018-06-10,2018-09-23,2018-04-20,70,588,43
759,2018-08-10,2018-10-16,2017-12-15,28,703,452
760,2018-06-08,2018-02-01,2017-12-04,77,16,423
761,2018-09-30,2018-07-06,2018-04-14,66,403,428
762,2018-02-17,2018-04-28,2018-07-22,76,810,919
763,2018-04-28,2018-06-23,2018-07-21,57,72,275
764,2018-09-14,2018-10-07,2018-05-24,5,448,512
765,2018-07-01,2018-10-26,2017-11-18,54,966,313
766,2017-12-06,2018-05-28,2018-05-06,22,990,194
767,2018-06-28,2018-10-28,2018-10-08,99,59,843
768,2018-05-25,2018-10-28,2018-09-03,44,887,749
769,2018-05-28,2018-03-30,2018-11-07,62,745,814
770,2018-05-22,2018-05-09,2018-02-16,53,595,448
771,2018-07-10,2018-01-09,2018-05-28,7,30,406
772,2018-09-11,2018-04-25,2018-04-05,8,772,595
773,2018-08-12,2018-10-09,2018-06-24,96,361,333
774,2018-01-30,2018-11-11,2018-09-17,34,263,639
775,2018-09-12,2017-12-27,2018-09-26,34,349,790
776,2018-05-20,2018-08-14,2018-02-09,15,759,408
777,2018-05-19,2018-06-21,2018-08-08,22,946,887
778,2018-10-25,2018-01-24,2018-04-15,10,550,717
779,2018-01-25,2018-10-01,2018-05-13,40,833,52
780,2018-03-16,2018-11-10,2018-06-20,4,447,54
781,2017-12-29,2018-10-30,2018-02-04,56,567,256
782,2018-04-18,2018-03-04,2018-03-06,99,87,286
783,2017-11-23,2018-04-01,2018-02-22,4,700,911
784,2018-04-18,2018-07-15,2017-12-20,36,903,170
785,2018-04-23,2018-07-01,2018-01-22,97,614,52
786,2018-01-29,2018-10-22,2018-07-31,44,911,355
787,2018-08-12,2018-07-04,2018-01-26,74,516,492
788,2017-12-04,2018-09-08,2018-09-07,52,272,482
789,2018-10-13,2018-07-03,2018-10-04,19,237,678
790,2018-03-19,2018-02-07,2018-03-12,81,221,139
791,2018-08-23,2018-10-01,2018-04-15,52,700,522
792,2018-11-10,2018-06-10,2018-02-22,49,204,771
793,2018-06-16,2018-10-05,2018-07-13,35,997,875
794,2018-02-25,2018-01-06,2018-09-02,6,597,965
795,2018-07-14,2018-10-29,2017-12-15,67,815,151
796,2018-08-20,2018-09-16,2018-01-31,2,379,829
797,2017-12-19,2018-10-05,2018-05-27,84,140,658
798,2017-11-27,2018-02-10,2018-09-12,76,61,763
799,2018-10-27,2017-12-19,2018-02-18,39,519,640
800,2018-05-15,2017-12-16,2018-07-20,2,195,712
801,2018-04-04,2018-08-10,2018-02-01,80,310,165
802,2018-03-10,2018-03-25,2018-06-07,55,785,563
803,2018-10-30,2018-06-04,2017-12-09,37,519,293
804,2018-10-18,2018-01-31,2018-09-24,33,491,569
805,2017-11-23,2018-06-18,2018-03-09,78,791,919
806,2018-07-07,2018-07-09,2018-05-09,74,993,31
807,2018-06-08,2018-04-05,2018-04-21,11,328,209
808,2018-08-31,2018-09-13,2018-01-14,48,166,349
809,2017-12-16,2018-09-16,2018-07-20,45,891,571
810,2017-12-02,2018-03-23,2018-02-26,12,509,327
811,2018-07-25,2018-09-17,2018-03-01,91,203,403
812,2017-12-25,2018-08-03,2017-11-17,65,138,17
813,2017-12-16,2018-03-04,2018-08-04,69,505,889
814,2018-02-08,2018-01-07,2018-05-24,44,29,800
815,2018-05-09,2018-04-18,2018-04-17,20,652,175
816,2018-02-15,2018-10-19,2017-12-18,88,362,323
817,2017-11-23,2018-07-01,2018-09-21,74,115,670
818,2018-10-20,2018-01-04,2018-01-19,10,266,460
819,2017-12-05,2018-02-06,2018-04-01,33,324,889
820,2018-03-07,2018-10-22,2018-01-11,73,792,631
821,2018-02-09,2018-04-14,2018-07-19,14,987,675
822,2018-08-14,2018-06-19,2018-04-28,92,277,587
823,2017-11-24,2018-06-15,2018-04-18,17,227,347
824,2018-08-18,2018-03-17,2018-03-22,75,255,357
825,2018-10-12,2018-03-12,2018-03-09,43,647,817
826,2017-11-17,2018-10-22,2018-02-06,72,127,719
827,2018-03-20,2018-01-14,2018-09-08,1,595,292
828,2018-06-27,2017-11-28,2018-01-14,7,743,492
829,2018-09-23,2018-02-04,2018-10-12,28,773,499
830,2018-04-09,2017-12-04,2018-03-28,42,516,239
831,2018-02-15,2018-07-13,2018-02-08,46,364,438
832,2018-07-15,2018-03-10,2018-07-25,41,526,344
833,2018-06-23,2018-10-10,2018-07-09,57,792,754
834,2018-05-08,2018-03-12,2018-02-09,32,250,563
835,2018-08-07,2017-12-28,2018-01-24,22,78,996
836,2018-09-04,2018-04-01,2017-12-15,37,346,335
837,2018-07-12,2018-03-22,2018-08-19,34,859,976
838,2018-05-27,2018-09-08,2018-04-02,71,958,83
839,2017-11-28,2018-09-07,2018-01-25,30,340,441
840,2018-08-10,2018-01-22,2018-01-23,1,657,646
841,2018-10-11,2018-08-25,2017-12-12,59,27,335
842,2018-10-12,2018-07-20,2017-12-21,62,789,66
843,2018-06-01,2018-08-26,2018-08-27,80,243,502
844,2018-10-25,2018-01-24,2018-06-13,6,98,975
845,2018-08-17,2018-07-19,2018-04-07,84,158,891
846,2018-05-11,2018-08-23,2018-02-01,32,718,486
847,2018-08-08,2018-04-20,2018-01-22,69,819,405
848,2018-06-07,2018-03-16,2018-06-17,17,525,474
849,2017-12-14,2018-06-16,2018-03-27,77,511,66
850,2017-12-20,2018-07-31,2018-05-05,100,28,418
851,2018-05-18,2018-09-30,2018-07-17,67,741,798
852,2018-08-17,2018-05-25,2018-11-02,38,271,671
853,2018-10-01,2018-09-28,2018-04-08,90,276,539
854,2018-02-10,2018-09-20,2018-10-30,37,712,418
855,2017-12-03,2018-11-12,2018-05-07,91,495,139
856,2018-10-20,2018-09-24,2018-03-26,36,351,847
857,2018-06-11,2018-08-06,2018-04-23,31,956,20
858,2017-11-26,2018-07-30,2018-08-05,72,2,912
859,2017-12-13,2018-10-27,2017-12-12,65,666,84
860,2018-08-25,2017-12-17,2018-05-06,8,444,782
861,2018-07-22,2018-09-15,2018-07-03,99,205,310
862,2018-05-22,2017-12-27,2017-12-19,40,4,26
863,2018-04-21,2018-11-06,2018-10-25,58,203,836
864,2018-06-12,2018-09-28,2018-04-25,91,395,706
865,2018-02-25,2017-12-14,2018-09-24,26,390,863
866,2018-06-22,2018-05-23,2018-09-07,60,683,142
867,2018-08-10,2018-07-27,2018-05-11,95,873,335
868,2018-04-04,2018-08-31,2018-08-24,35,585,532
869,2018-02-16,2018-02-09,2017-12-13,93,210,827
870,2018-03-11,2017-12-22,2018-03-09,2,957,133
871,2018-10-20,2018-08-03,2017-12-30,39,468,329
872,2018-04-25,2018-03-26,2018-04-29,87,438,300
873,2018-06-30,2018-10-18,2018-10-30,24,605,443
874,2018-02-18,2018-08-03,2017-12-31,63,181,453
875,2018-08-02,2018-02-11,2018-04-21,95,921,825
876,2018-02-08,2018-04-25,2018-09-23,2,210,252
877,2018-07-27,2018-01-13,2017-12-23,68,63,608
878,2018-07-21,2018-09-23,2018-08-08,31,854,870
879,2017-12-05,2018-03-22,2018-01-21,47,667,102
880,2017-12-15,2018-06-17,2018-08-15,44,954,258
881,2018-04-08,2018-09-19,2018-08-23,35,733,706
882,2018-07-15,2018-07-13,2018-03-08,69,1,492
883,2018-07-17,2018-05-04,2018-02-18,69,196,619
884,2018-08-26,2018-07-15,2018-03-12,3,450,905
885,2018-03-30,2018-07-08,2018-10-11,63,469,486
886,2018-01-13,2018-03-18,2018-04-11,98,596,167
887,2017-11-17,2017-11-22,2017-12-23,10,676,837
888,2018-08-26,2018-01-14,2018-02-07,36,690,396
889,2018-06-21,2018-10-03,2017-11-26,26,355,127
890,2018-09-18,2018-10-23,2018-07-26,62,909,337
891,2018-10-06,2018-08-08,2018-04-26,43,134,397
892,2018-01-07,2018-05-21,2018-03-01,32,142,945
893,2018-03-17,2017-12-20,2018-02-13,65,180,69
894,2018-04-21,2018-10-19,2018-05-25,55,30,669
895,2018-03-27,2018-07-06,2018-09-03,37,233,908
896,2018-01-20,2018-11-02,2018-10-09,23,559,770
897,2018-09-19,2018-06-28,2018-02-12,80,96,681
898,2018-01-18,2018-06-20,2018-05-15,69,615,248
899,2018-09-22,2018-07-29,2018-07-16,88,777,561
900,2018-02-21,2018-06-01,2018-05-15,27,599,442
901,2017-12-18,2018-02-20,2018-08-26,79,729,164
902,2018-09-09,2018-06-12,2018-06-18,26,325,332
903,2017-11-18,2018-05-29,2018-07-31,47,630,823
904,2018-03-30,2018-04-20,2018-05-31,15,83,266
905,2018-06-09,2018-01-01,2018-07-19,46,453,441
906,2018-05-01,2018-02-11,2018-08-11,72,813,799
907,2018-03-20,2017-12-30,2018-01-28,62,957,947
908,2018-08-10,2018-07-12,2018-10-24,70,433,511
909,2017-11-28,2018-09-07,2017-11-29,88,539,775
910,2018-10-31,2018-07-08,2018-07-05,42,840,547
911,2018-01-09,2017-12-16,2018-03-12,47,806,468
912,2017-11-28,2018-09-21,2018-01-24,73,588,64
913,2018-11-04,2018-07-25,2018-03-17,23,367,113
914,2018-09-07,2017-11-15,2018-06-17,66,753,496
915,2017-11-28,2018-02-22,2018-06-13,33,418,650
916,2018-05-28,2018-09-05,2018-04-06,2,418,373
917,2018-09-21,2018-10-12,2018-07-19,3,836,63
918,2018-04-28,2018-08-17,2018-10-19,64,885,934
919,2018-05-20,2017-12-08,2018-08-02,86,482,25
920,2018-10-19,2017-12-13,2018-01-19,89,92,876
921,2018-03-29,2017-12-17,2018-09-22,4,11,325
922,2017-12-07,2018-08-26,2018-11-08,69,588,518
923,2018-05-15,2018-07-23,2018-05-14,73,182,240
924,2018-02-11,2018-10-02,2018-01-10,63,794,857
925,2018-07-01,2018-07-07,2018-07-31,22,187,945
926,2018-02-04,2018-07-28,2018-06-18,12,797,104
927,2018-09-26,2018-01-16,2017-12-04,55,380,800
928,2018-05-06,2018-06-28,2018-10-28,3,21,512
929,2018-09-22,2018-05-14,2018-06-20,6,590,331
930,2018-06-30,2018-02-02,2018-04-23,63,759,831
931,2018-10-12,2018-04-09,2018-07-12,10,767,516
932,2018-10-19,2018-05-05,2018-05-28,74,209,513
933,2017-12-22,2018-02-17,2018-03-18,68,293,428
934,2018-08-28,2018-06-29,2018-08-18,95,557,814
935,2018-09-25,2017-12-17,2018-08-13,49,539,757
936,2018-11-10,2018-09-04,2017-12-12,66,608,950
937,2018-09-03,2018-09-03,2017-12-26,21,483,668
938,2018-08-03,2018-07-17,2018-07-28,55,130,196
939,2018-03-22,2018-08-24,2018-03-04,26,662,709
940,2018-06-24,2018-09-18,2018-07-18,75,345,531
941,2018-07-10,2018-02-27,2018-06-29,60,607,725
942,2018-06-08,2018-08-31,2018-01-31,66,785,925
943,2018-09-01,2018-07-11,2018-07-08,100,460,65
944,2018-03-28,2018-05-23,2018-07-03,90,779,365
945,2018-03-23,2017-12-09,2018-02-27,20,541,835
946,2018-06-05,2018-08-29,2018-04-12,48,929,549
947,2018-04-28,2018-08-20,2018-07-30,48,384,484
948,2018-09-08,2018-07-23,2018-03-07,20,216,86
949,2018-02-17,2018-04-26,2018-10-18,84,250,368
950,2018-09-12,2018-05-28,2018-08-21,20,871,991
951,2018-10-18,2018-04-17,2017-12-16,99,783,218
952,2018-04-29,2018-08-07,2018-11-03,45,625,544
953,2018-03-27,2018-09-28,2018-02-27,77,887,432
954,2018-06-12,2018-02-24,2018-01-25,66,500,360
955,2018-05-08,2018-07-07,2018-03-14,17,224,87
956,2018-04-04,2018-09-14,2018-11-01,10,416,513
957,2018-02-11,2018-09-29,2018-08-19,14,306,6
958,2018-05-12,2018-08-10,2018-11-11,82,620,659
959,2018-06-20,2018-07-14,2018-03-08,58,920,290
960,2018-04-24,2017-11-28,2018-09-16,98,132,402
961,2018-04-12,2018-04-19,2018-08-24,9,821,24
962,2017-12-04,2018-05-13,2018-01-31,80,143,137
963,2017-12-06,2018-03-08,2017-11-21,54,143,110
964,2018-01-09,2018-03-30,2018-07-01,28,365,712
965,2017-11-20,2018-03-31,2018-06-12,30,878,492
966,2018-01-05,2018-07-19,2018-02-22,87,947,461
967,2018-05-29,2017-12-18,2018-06-11,79,275,601
968,2018-04-27,2018-02-27,2017-12-29,75,969,375
969,2018-05-02,2018-01-07,2018-08-24,78,446,518
970,2018-03-30,2018-05-01,2018-02-28,87,507,25
971,2018-03-28,2017-11-16,2018-10-26,17,81,640
972,2018-01-31,2018-01-29,2018-01-13,94,211,207
973,2018-01-28,2018-10-05,2017-11-16,69,974,568
974,2018-04-14,2018-07-04,2018-06-17,37,698,989
975,2018-03-20,2018-09-05,2018-08-11,2,525,131
976,2018-03-03,2018-07-03,2018-06-30,22,584,184
977,2018-09-11,2018-07-05,2018-06-20,26,617,876
978,2018-05-01,2018-07-28,2018-06-21,85,44,747
979,2018-03-28,2018-10-21,2018-06-24,49,957,923
980,2018-09-20,2018-10-15,2018-11-09,70,334,606
981,2018-07-31,2018-04-12,2018-08-01,58,292,36
982,2017-12-15,2018-04-03,2017-11-28,78,282,482
983,2018-10-01,2018-08-08,2018-06-03,8,516,641
984,2018-02-10,2017-11-18,2018-04-06,50,455,298
985,2017-11-28,2018-11-03,2017-11-15,83,610,505
986,2017-12-29,2018-08-03,2018-02-07,99,977,906
987,2018-02-02,2018-01-25,2018-04-15,3,265,602
988,2018-09-03,2018-05-21,2018-04-03,46,204,22
989,2018-07-02,2018-05-13,2018-05-01,39,674,455
990,2018-10-16,2018-06-04,2018-01-13,95,655,234
991,2018-08-07,2018-10-07,2018-07-24,10,427,428
992,2018-03-12,2018-06-02,2018-05-12,47,426,792
993,2018-01-09,2018-03-03,2018-01-19,100,381,245
994,2018-08-22,2018-01-14,2017-12-19,54,41,49
995,2018-01-14,2018-10-27,2018-02-13,95,393,930
996,2018-01-20,2018-06-22,2018-02-23,20,285,214
997,2018-02-17,2018-02-19,2018-10-12,15,884,548
998,2018-09-15,2018-02-01,2018-07-02,32,564,265
999,2018-02-09,2018-08-28,2018-01-26,33,969,728
1000,2018-05-30,2018-08-06,2018-02-03,71,175,819
